{
    "Food & Dining": [
        0.31866687536239624,
        -0.41464436054229736,
        -0.19526931643486023,
        -0.16696393489837646,
        0.09080148488283157,
        0.018667126074433327,
        -0.00753639405593276,
        0.008495899848639965,
        0.010809087194502354,
        -0.1756097376346588,
        0.018929820507764816,
        0.08331570029258728,
        -0.0504365973174572,
        -0.07498841732740402,
        0.3084939420223236,
        -0.18646302819252014,
        0.21253123879432678,
        0.06242901086807251,
        0.07483485341072083,
        0.058911990374326706,
        0.1325209140777588,
        -0.07201617956161499,
        0.0524543896317482,
        -0.13113342225551605,
        -0.11701907962560654,
        -0.07749161124229431,
        -0.0837176963686943,
        -0.07196777313947678,
        -0.007290031295269728,
        0.027166711166501045,
        -0.013072580099105835,
        0.006958239711821079,
        0.000893901102244854,
        0.06731729954481125,
        -0.06077781692147255,
        0.17007532715797424,
        0.1649406999349594,
        -0.08290897309780121,
        -0.08729828894138336,
        0.18734118342399597,
        0.21863479912281036,
        0.00145281245931983,
        0.039310045540332794,
        0.19714932143688202,
        0.15246926248073578,
        0.06250359117984772,
        0.09017161279916763,
        -0.019855832681059837,
        -0.1365356147289276,
        0.07927519828081131,
        -0.14071807265281677,
        -0.07217615097761154,
        -0.036034148186445236,
        -0.026273023337125778,
        -0.05852918699383736,
        0.038282670080661774,
        -0.04190710932016373,
        0.041638728231191635,
        0.07230094820261002,
        -0.018039247021079063,
        -0.0767204686999321,
        0.06557048112154007,
        -0.08127623796463013,
        -0.14562439918518066
    ],
    "Shopping": [
        -0.10125710070133209,
        -0.17260245978832245,
        -0.14176949858665466,
        -0.14953462779521942,
        0.10234233736991882,
        0.17582379281520844,
        0.045155204832553864,
        0.04032028466463089,
        -0.04534434527158737,
        0.13092215359210968,
        0.08562763780355453,
        0.22096504271030426,
        0.11445733159780502,
        -0.20342157781124115,
        0.2559916377067566,
        0.035509683191776276,
        0.0662817731499672,
        0.1739397644996643,
        -0.0553731732070446,
        -0.052482929080724716,
        0.11008231341838837,
        -0.09422379732131958,
        0.11545855551958084,
        0.07561152428388596,
        -0.2344193309545517,
        0.1444789618253708,
        -0.0811268612742424,
        0.09031662344932556,
        -0.07045519351959229,
        0.090604767203331,
        -0.14558173716068268,
        0.042540889233350754,
        0.05989391729235649,
        0.04659410938620567,
        -0.12223289161920547,
        -0.17451582849025726,
        0.08963818103075027,
        -0.16640782356262207,
        -0.05508706718683243,
        0.2854026257991791,
        -0.004758905153721571,
        -0.10764483362436295,
        -0.04573208838701248,
        0.09880988299846649,
        0.23253263533115387,
        -0.016013436019420624,
        0.2557821273803711,
        -0.05882588028907776,
        -0.1288950890302658,
        -0.06815475225448608,
        0.07698874920606613,
        0.01787721924483776,
        0.002117373049259186,
        0.05264740064740181,
        0.012531730346381664,
        0.07002013921737671,
        -0.0851420909166336,
        -0.04418531805276871,
        0.08646844327449799,
        -0.06890736520290375,
        0.18868911266326904,
        0.13928137719631195,
        0.06371322274208069,
        0.18622905015945435
    ],
    "Groceries": [
        0.07645818591117859,
        -0.2699703276157379,
        -0.11688973009586334,
        -0.3078392744064331,
        0.07185722142457962,
        0.08837831020355225,
        0.017766304314136505,
        0.07274799048900604,
        -0.1924583613872528,
        0.036103375256061554,
        0.06389577686786652,
        0.1264052391052246,
        -0.010427189990878105,
        -0.14343427121639252,
        0.26977911591529846,
        -0.24523437023162842,
        0.07129832357168198,
        -0.01712862402200699,
        0.07012025266885757,
        -0.001441772561520338,
        0.2467052936553955,
        -0.0602162666618824,
        -0.11567985266447067,
        -0.12239204347133636,
        -0.0945001170039177,
        0.29992353916168213,
        -0.038128387182950974,
        0.16935060918331146,
        -0.046530429273843765,
        0.09120121598243713,
        -0.018975738435983658,
        0.0310058556497097,
        -0.011898260563611984,
        0.042302414774894714,
        0.03740653768181801,
        -0.0791136771440506,
        0.07486563175916672,
        0.10034798830747604,
        0.04921998828649521,
        0.29314854741096497,
        0.06877996027469635,
        -0.0007640888798050582,
        0.04900432378053665,
        0.16849571466445923,
        0.11854080110788345,
        -0.011544697917997837,
        0.058393508195877075,
        -0.08909586817026138,
        0.0038645106833428144,
        0.06901127845048904,
        -0.17546246945858002,
        -0.11447865515947342,
        -0.06479623913764954,
        -0.05013647675514221,
        0.051070645451545715,
        0.14499704539775848,
        -0.08768396824598312,
        0.047357525676488876,
        0.18310801684856415,
        -0.04580248147249222,
        -0.04040166363120079,
        0.07387875765562057,
        -0.009902660734951496,
        0.17844828963279724
    ],
    "Health and Wellness": [
        0.18424661457538605,
        -0.01636265404522419,
        -0.2141043245792389,
        -0.27441906929016113,
        -0.0867077186703682,
        0.1334136426448822,
        0.05807537958025932,
        0.1514207273721695,
        -0.11721736937761307,
        0.008080711588263512,
        0.012606116011738777,
        0.29849523305892944,
        0.10025057196617126,
        -0.03759733960032463,
        0.24634693562984467,
        0.009159335866570473,
        -0.00613446393981576,
        0.07967817038297653,
        -0.006607491057366133,
        -0.022997437044978142,
        -0.08706223219633102,
        -0.030437810346484184,
        -0.16342604160308838,
        -0.04414130374789238,
        0.1755247563123703,
        -0.08145882934331894,
        -0.04333008453249931,
        0.1956036537885666,
        0.12413650751113892,
        0.14040035009384155,
        -0.08922187983989716,
        0.07519910484552383,
        0.023507339879870415,
        0.23927225172519684,
        -0.10335468500852585,
        -0.07029889523983002,
        -0.028713516891002655,
        -0.03516598418354988,
        -0.13628627359867096,
        0.15297971665859222,
        0.2277909517288208,
        -0.004127170890569687,
        -0.24923211336135864,
        -0.12172427028417587,
        0.1601613610982895,
        0.0968012809753418,
        -0.07284704595804214,
        0.23844827711582184,
        0.1490829885005951,
        -0.09110274165868759,
        0.0130201056599617,
        0.07429180294275284,
        -0.09859787672758102,
        0.022892756387591362,
        0.07230725139379501,
        0.014126881025731564,
        0.10127265006303787,
        0.13329428434371948,
        0.10925745964050293,
        0.10205346345901489,
        0.023962078616023064,
        -0.0035654641687870026,
        -0.015243819914758205,
        0.0265810564160347
    ],